method,condition,codec,kbps,pix_fmt,lossless,group,mae,ci_low,ci_high,n_subjects
chrom,h264_100k,h264,100.0,yuv420p,False,I-III,21.834785623643942,16.712267320224072,26.577968768098955,18
chrom,h264_100k,h264,100.0,yuv420p,False,IV-VI,24.220088773264383,17.66818313220051,30.29686524455652,18
chrom,h264_1600k,h264,1600.0,yuv420p,False,I-III,16.116332386154,9.553828153908555,23.122273360532535,18
chrom,h264_1600k,h264,1600.0,yuv420p,False,IV-VI,23.645049496702164,17.98977808781681,29.622139715664225,18
chrom,h264_200k,h264,200.0,yuv420p,False,I-III,20.14375009499934,14.966926570284354,25.31980874760934,18
chrom,h264_200k,h264,200.0,yuv420p,False,IV-VI,23.496225337861986,17.91478612646548,29.25664617963956,18
chrom,h264_400k,h264,400.0,yuv420p,False,I-III,18.351558475257953,12.641087437393391,24.239498193230972,18
chrom,h264_400k,h264,400.0,yuv420p,False,IV-VI,24.303195022524616,18.907767724281584,29.484200843611575,18
chrom,h264_444_100k,h264,100.0,yuv444p,False,I-III,23.982196540493604,18.90735924498031,29.244011138590302,18
chrom,h264_444_100k,h264,100.0,yuv444p,False,IV-VI,24.93952968710411,18.657956304598915,31.265473765547657,18
chrom,h264_444_1600k,h264,1600.0,yuv444p,False,I-III,22.044475716486478,17.238712530127376,27.617189574127885,18
chrom,h264_444_1600k,h264,1600.0,yuv444p,False,IV-VI,23.972997053692904,17.363568262139413,30.626525238184122,18
chrom,h264_444_200k,h264,200.0,yuv444p,False,I-III,23.03130847663657,18.13447216227377,28.242956242898785,18
chrom,h264_444_200k,h264,200.0,yuv444p,False,IV-VI,24.59901220739817,18.241504949185774,30.876073475128283,18
chrom,h264_444_400k,h264,400.0,yuv444p,False,I-III,22.089211713040424,16.727945481850263,27.268842664731423,18
chrom,h264_444_400k,h264,400.0,yuv444p,False,IV-VI,24.42052311895221,18.60877726926451,30.780102455103297,18
chrom,h264_444_800k,h264,800.0,yuv444p,False,I-III,21.516309336221084,16.38183669750952,27.155240607611915,18
chrom,h264_444_800k,h264,800.0,yuv444p,False,IV-VI,23.543589031396596,17.584009866550137,29.7086563614711,18
chrom,h264_800k,h264,800.0,yuv420p,False,I-III,16.428031129559045,10.662738561374093,22.993764883134038,18
chrom,h264_800k,h264,800.0,yuv420p,False,IV-VI,24.36811159588713,18.432164262875233,30.653054558149776,18
chrom,h265_100k,h265,100.0,yuv420p,False,I-III,17.288459726575795,11.64419485201018,22.644592902171713,18
chrom,h265_100k,h265,100.0,yuv420p,False,IV-VI,23.763246064372332,17.821039215846483,30.332890275200405,18
chrom,h265_1600k,h265,1600.0,yuv420p,False,I-III,16.59168977997551,10.14455962228062,23.680632040123793,18
chrom,h265_1600k,h265,1600.0,yuv420p,False,IV-VI,23.74263603040034,17.707105372124975,29.773234100998028,18
chrom,h265_200k,h265,200.0,yuv420p,False,I-III,17.191191087098925,11.413045654694345,23.832582505310647,18
chrom,h265_200k,h265,200.0,yuv420p,False,IV-VI,23.506051474828595,17.90418373886199,29.30606795469419,18
chrom,h265_400k,h265,400.0,yuv420p,False,I-III,17.474771682172435,11.09588584424352,24.978693035804564,18
chrom,h265_400k,h265,400.0,yuv420p,False,IV-VI,23.600091524814943,17.96403189841335,29.345702316744653,18
chrom,h265_800k,h265,800.0,yuv420p,False,I-III,17.303108980297996,10.05977892694526,25.384931525435892,18
chrom,h265_800k,h265,800.0,yuv420p,False,IV-VI,23.600966121809844,17.767697441098978,29.738962401949284,18
chrom,lossless_rgb,ffv1,,bgr0,True,I-III,11.425212819046072,5.092807554290486,18.536183890935874,18
chrom,lossless_rgb,ffv1,,bgr0,True,IV-VI,21.392353222616336,14.786747983154111,28.053799963361108,18
chrom,lossless_yuv420,h264,,yuv420p,True,I-III,11.164384149668463,5.08092120770301,18.93338067475177,18
chrom,lossless_yuv420,h264,,yuv420p,True,IV-VI,21.289347167910098,14.605249031497621,27.63767878998809,18
chrom,lossless_yuv444,h264,,yuv444p,True,I-III,10.806544432935338,4.213827083955338,18.457288538977615,18
chrom,lossless_yuv444,h264,,yuv444p,True,IV-VI,22.239975583032965,16.17131045582096,28.585240708298148,18
chrom,vp9_100k,vp9,100.0,yuv420p,False,I-III,20.926247130468678,16.03340696469566,26.561551420034665,18
chrom,vp9_100k,vp9,100.0,yuv420p,False,IV-VI,24.35570544177764,18.309521160636816,30.278531522100156,18
chrom,vp9_1600k,vp9,1600.0,yuv420p,False,I-III,11.48321790788598,6.387402783345399,19.29879462081148,18
chrom,vp9_1600k,vp9,1600.0,yuv420p,False,IV-VI,23.521898066001416,16.902158445345574,29.84263139497278,18
chrom,vp9_200k,vp9,200.0,yuv420p,False,I-III,19.16589350357103,13.728753702334963,25.502442796242587,18
chrom,vp9_200k,vp9,200.0,yuv420p,False,IV-VI,25.273957393403204,19.52664817300521,30.46502344621742,18
chrom,vp9_400k,vp9,400.0,yuv420p,False,I-III,14.665731786441427,8.59861358093613,21.714238401098868,18
chrom,vp9_400k,vp9,400.0,yuv420p,False,IV-VI,23.87476384629754,17.96258547220277,29.436802140269474,18
chrom,vp9_800k,vp9,800.0,yuv420p,False,I-III,11.333153598664012,6.292185881974002,17.16804075787209,18
chrom,vp9_800k,vp9,800.0,yuv420p,False,IV-VI,22.95647056649635,16.6416063156355,28.865220174812563,18
factorizephys,h264_100k,h264,100.0,yuv420p,False,I-III,16.56555145290979,12.477259811803476,21.196863677916607,18
factorizephys,h264_100k,h264,100.0,yuv420p,False,IV-VI,20.82979989764999,16.34082364300459,25.67049665875408,18
factorizephys,h264_1600k,h264,1600.0,yuv420p,False,I-III,13.976274031652604,9.867205290876136,19.021497134939825,18
factorizephys,h264_1600k,h264,1600.0,yuv420p,False,IV-VI,19.968367379070454,15.889135441642717,24.046636648512152,18
factorizephys,h264_200k,h264,200.0,yuv420p,False,I-III,17.707590066055715,12.877468250639774,23.174165780388975,18
factorizephys,h264_200k,h264,200.0,yuv420p,False,IV-VI,21.809527303180968,16.751154603643478,27.348529356449056,18
factorizephys,h264_400k,h264,400.0,yuv420p,False,I-III,16.238760813716176,11.75138201276997,21.744092598034076,18
factorizephys,h264_400k,h264,400.0,yuv420p,False,IV-VI,20.15759789400728,15.905450184995932,25.527315516320083,18
factorizephys,h264_800k,h264,800.0,yuv420p,False,I-III,15.809931462504611,11.664070839602266,21.06942358213615,18
factorizephys,h264_800k,h264,800.0,yuv420p,False,IV-VI,20.745801240970792,16.428588295497768,25.139527120743594,18
factorizephys,lossless_rgb,ffv1,,bgr0,True,I-III,10.197520295902141,6.41538410616099,14.972714545547165,18
factorizephys,lossless_rgb,ffv1,,bgr0,True,IV-VI,19.76648377970089,14.082343241963027,25.916808468000045,18
green,h264_100k,h264,100.0,yuv420p,False,I-III,22.020147789186233,17.099008600388252,26.801906810488862,18
green,h264_100k,h264,100.0,yuv420p,False,IV-VI,25.632993631154864,19.645834562307392,31.38167796273133,18
green,h264_1600k,h264,1600.0,yuv420p,False,I-III,20.114739994164342,15.724393883894631,24.804617256520153,18
green,h264_1600k,h264,1600.0,yuv420p,False,IV-VI,25.161379987522572,18.918646204890514,31.354812016670262,18
green,h264_200k,h264,200.0,yuv420p,False,I-III,21.66037455261303,17.383202307510718,26.189480838761234,18
green,h264_200k,h264,200.0,yuv420p,False,IV-VI,25.214808326215486,19.566901028508116,30.68664273375594,18
green,h264_400k,h264,400.0,yuv420p,False,I-III,21.03406478286256,16.234995941609302,25.272593322183823,18
green,h264_400k,h264,400.0,yuv420p,False,IV-VI,24.926921281262985,19.148783909222512,31.27615870933054,18
green,h264_444_100k,h264,100.0,yuv444p,False,I-III,21.774998204953974,17.2859038468332,27.021252075553218,18
green,h264_444_100k,h264,100.0,yuv444p,False,IV-VI,25.60411056252253,19.406276654507273,31.353375679429593,18
green,h264_444_1600k,h264,1600.0,yuv444p,False,I-III,20.190346128019687,15.596385061886432,24.37625451550271,18
green,h264_444_1600k,h264,1600.0,yuv444p,False,IV-VI,24.648141479919982,18.60602162264397,30.26992051796452,18
green,h264_444_200k,h264,200.0,yuv444p,False,I-III,20.824843718237716,16.492876572723883,26.1627242986945,18
green,h264_444_200k,h264,200.0,yuv444p,False,IV-VI,25.411312569837246,19.418234641921263,31.378489690989845,18
green,h264_444_400k,h264,400.0,yuv444p,False,I-III,20.699391393150904,16.03079166113414,25.82211109598891,18
green,h264_444_400k,h264,400.0,yuv444p,False,IV-VI,25.668131000218256,20.037892101500514,31.781346999289763,18
green,h264_444_800k,h264,800.0,yuv444p,False,I-III,19.68345476089354,14.987190051514787,24.601102837058196,18
green,h264_444_800k,h264,800.0,yuv444p,False,IV-VI,25.25518060948182,19.07999798158451,30.93083458601512,18
green,h264_800k,h264,800.0,yuv420p,False,I-III,20.720013818105695,16.283393914492773,25.313390796187868,18
green,h264_800k,h264,800.0,yuv420p,False,IV-VI,24.856932673711114,18.903161148214103,30.725134569302657,18
green,h265_100k,h265,100.0,yuv420p,False,I-III,20.850394712567848,15.822007800161904,25.580626508385894,18
green,h265_100k,h265,100.0,yuv420p,False,IV-VI,24.827965416198122,18.664541603890296,30.688919153290215,18
green,h265_1600k,h265,1600.0,yuv420p,False,I-III,20.24747271808121,15.943426070994564,24.894418596124037,18
green,h265_1600k,h265,1600.0,yuv420p,False,IV-VI,24.717360287108175,18.872366704087675,30.16156649312781,18
green,h265_200k,h265,200.0,yuv420p,False,I-III,20.15266707882038,15.714413082444421,25.02632964174069,18
green,h265_200k,h265,200.0,yuv420p,False,IV-VI,24.667808410888465,18.826399087705248,30.473830246490014,18
green,h265_400k,h265,400.0,yuv420p,False,I-III,20.392625523951367,16.029776265996478,25.0708271439359,18
green,h265_400k,h265,400.0,yuv420p,False,IV-VI,25.027380249902443,18.737382795719036,30.700908731091967,18
green,h265_800k,h265,800.0,yuv420p,False,I-III,20.385451696302304,15.772097996379086,25.155707175769265,18
green,h265_800k,h265,800.0,yuv420p,False,IV-VI,24.43195791138774,18.610456450136752,30.784392030028584,18
green,lossless_rgb,ffv1,,bgr0,True,I-III,20.35797590468536,16.23563045551207,25.451418091115144,18
green,lossless_rgb,ffv1,,bgr0,True,IV-VI,24.498781704426676,18.494413708648047,30.694214677183478,18
green,lossless_yuv420,h264,,yuv420p,True,I-III,20.02222720968908,15.587136570408262,25.17372642401429,18
green,lossless_yuv420,h264,,yuv420p,True,IV-VI,24.730545065630317,19.27990209847229,30.423619131362774,18
green,lossless_yuv444,h264,,yuv444p,True,I-III,20.149732564551286,15.844109620547666,24.86991052071743,18
green,lossless_yuv444,h264,,yuv444p,True,IV-VI,24.789280937873766,19.140445842238343,30.636757567257526,18
green,vp9_100k,vp9,100.0,yuv420p,False,I-III,20.985033803649245,16.669672831919176,25.89468544389467,18
green,vp9_100k,vp9,100.0,yuv420p,False,IV-VI,25.114986708867637,19.29848409054502,31.044361594485082,18
green,vp9_1600k,vp9,1600.0,yuv420p,False,I-III,20.32118324788142,15.746402263946418,25.40750754346088,18
green,vp9_1600k,vp9,1600.0,yuv420p,False,IV-VI,24.94169368746009,19.29328901301072,30.87069043663545,18
green,vp9_200k,vp9,200.0,yuv420p,False,I-III,20.62333404556666,16.145523667174185,25.25216865831422,18
green,vp9_200k,vp9,200.0,yuv420p,False,IV-VI,24.82442464578236,19.347781442549408,31.00819229915258,18
green,vp9_400k,vp9,400.0,yuv420p,False,I-III,20.421981459333153,15.903328622820995,25.13220488566852,18
green,vp9_400k,vp9,400.0,yuv420p,False,IV-VI,25.726670842990583,19.95993464746255,31.72693269294023,18
green,vp9_800k,vp9,800.0,yuv420p,False,I-III,20.56150751153054,16.16124684623476,25.601045198594097,18
green,vp9_800k,vp9,800.0,yuv420p,False,IV-VI,24.79016308752314,19.081700786376775,30.574396021664203,18
ica,h264_100k,h264,100.0,yuv420p,False,I-III,21.26867778613426,16.423536321435886,26.393920826456586,18
ica,h264_100k,h264,100.0,yuv420p,False,IV-VI,23.228442855123532,17.499696268024852,28.91301049585247,18
ica,h264_1600k,h264,1600.0,yuv420p,False,I-III,18.499490053600674,13.220413452038112,23.814561180763782,18
ica,h264_1600k,h264,1600.0,yuv420p,False,IV-VI,22.72388140115357,16.851234826038333,28.927908087608625,18
ica,h264_200k,h264,200.0,yuv420p,False,I-III,20.63354347292846,16.11467335090145,25.850312338866043,18
ica,h264_200k,h264,200.0,yuv420p,False,IV-VI,24.630027702384545,18.091280030344326,30.969103059473156,18
ica,h264_400k,h264,400.0,yuv420p,False,I-III,19.98701673827517,15.195065916860145,25.22176198204128,18
ica,h264_400k,h264,400.0,yuv420p,False,IV-VI,23.380639621921656,17.512219864120404,29.20022962744153,18
ica,h264_444_100k,h264,100.0,yuv444p,False,I-III,21.494963294266558,16.765722863439137,26.38192792768576,18
ica,h264_444_100k,h264,100.0,yuv444p,False,IV-VI,24.424822911807237,18.47441244987481,30.16310342926788,18
ica,h264_444_1600k,h264,1600.0,yuv444p,False,I-III,19.831727109674535,14.804770768952338,25.213369107523693,18
ica,h264_444_1600k,h264,1600.0,yuv444p,False,IV-VI,23.3948354109367,17.265357707345682,29.452115417326535,18
ica,h264_444_200k,h264,200.0,yuv444p,False,I-III,19.79213802292655,14.951807047931716,24.736465040369737,18
ica,h264_444_200k,h264,200.0,yuv444p,False,IV-VI,23.968021453008916,17.964600918777837,30.04393626072031,18
ica,h264_444_400k,h264,400.0,yuv444p,False,I-III,20.02878152299702,15.338293644844821,25.575409542930213,18
ica,h264_444_400k,h264,400.0,yuv444p,False,IV-VI,23.502945636089642,17.774364989233337,29.286456318318223,18
ica,h264_444_800k,h264,800.0,yuv444p,False,I-III,20.545822204754977,15.523190541946537,25.82162149195345,18
ica,h264_444_800k,h264,800.0,yuv444p,False,IV-VI,24.016664911126373,17.683162562239765,30.411974758576104,18
ica,h264_800k,h264,800.0,yuv420p,False,I-III,19.37715617906711,13.828851959955983,25.118100762841216,18
ica,h264_800k,h264,800.0,yuv420p,False,IV-VI,22.547953660302262,16.362516873089664,29.46427484180743,18
ica,h265_100k,h265,100.0,yuv420p,False,I-III,19.490703595417656,14.37083946185622,24.829555091569652,18
ica,h265_100k,h265,100.0,yuv420p,False,IV-VI,23.18102368395112,17.053456535471224,29.195923017551777,18
ica,h265_1600k,h265,1600.0,yuv420p,False,I-III,19.08370795969935,12.852868597802535,26.403232326780188,18
ica,h265_1600k,h265,1600.0,yuv420p,False,IV-VI,22.016645686097164,15.851748215167273,28.165023807406943,18
ica,h265_200k,h265,200.0,yuv420p,False,I-III,18.085748570545505,12.418215602199156,23.778843928667982,18
ica,h265_200k,h265,200.0,yuv420p,False,IV-VI,22.64535204700382,15.924837231091301,28.49652017792106,18
ica,h265_400k,h265,400.0,yuv420p,False,I-III,19.03662136601584,12.886852524544995,25.094151224228767,18
ica,h265_400k,h265,400.0,yuv420p,False,IV-VI,21.65219197941812,15.47719830201542,27.407403545352828,18
ica,h265_800k,h265,800.0,yuv420p,False,I-III,19.45756375323329,13.588288915245661,25.513551532661,18
ica,h265_800k,h265,800.0,yuv420p,False,IV-VI,22.573642357777434,16.38632232451428,28.54162384726994,18
ica,lossless_rgb,ffv1,,bgr0,True,I-III,14.09293756145958,7.435821271497658,20.646132176167647,18
ica,lossless_rgb,ffv1,,bgr0,True,IV-VI,11.223870499214602,4.906856408850971,18.650631858622777,18
ica,lossless_yuv420,h264,,yuv420p,True,I-III,14.577418237925501,9.168287603256104,21.248115401520792,18
ica,lossless_yuv420,h264,,yuv420p,True,IV-VI,12.880381529070952,5.908592828521639,20.6402373828761,18
ica,lossless_yuv444,h264,,yuv444p,True,I-III,14.170308130866491,8.48468783379219,20.934675360591505,18
ica,lossless_yuv444,h264,,yuv444p,True,IV-VI,14.340977566831567,7.1962858065912245,21.453063973620907,18
ica,vp9_100k,vp9,100.0,yuv420p,False,I-III,21.257263236720846,16.50015952738437,26.34766803942917,18
ica,vp9_100k,vp9,100.0,yuv420p,False,IV-VI,25.222740817533538,19.110817465148045,31.337166075168334,18
ica,vp9_1600k,vp9,1600.0,yuv420p,False,I-III,13.445931820328887,7.600401481999973,19.90330044506714,18
ica,vp9_1600k,vp9,1600.0,yuv420p,False,IV-VI,21.70166714366257,14.468113938464404,28.93841370351248,18
ica,vp9_200k,vp9,200.0,yuv420p,False,I-III,19.114164603236098,13.601562554698985,24.216948497628977,18
ica,vp9_200k,vp9,200.0,yuv420p,False,IV-VI,23.982561953709634,17.55154843200551,30.011774879543278,18
ica,vp9_400k,vp9,400.0,yuv420p,False,I-III,16.83311975436517,11.186950457767642,23.374534885927446,18
ica,vp9_400k,vp9,400.0,yuv420p,False,IV-VI,22.859290994052742,16.746188617786387,29.740957704290636,18
ica,vp9_800k,vp9,800.0,yuv420p,False,I-III,16.016256106644175,10.857868001943075,21.964641479355244,18
ica,vp9_800k,vp9,800.0,yuv420p,False,IV-VI,21.48004865095216,13.893100693275718,28.78520126632975,18
physnet,h264_100k,h264,100.0,yuv420p,False,I-III,19.66921584290543,15.15419954971406,24.72882498950047,18
physnet,h264_100k,h264,100.0,yuv420p,False,IV-VI,21.078921317884742,16.01042953329412,26.030310009552725,18
physnet,h264_1600k,h264,1600.0,yuv420p,False,I-III,20.19877999569791,15.221594710585908,25.651213843274082,18
physnet,h264_1600k,h264,1600.0,yuv420p,False,IV-VI,20.32739504268841,15.804581618791023,25.18470263789797,18
physnet,h264_200k,h264,200.0,yuv420p,False,I-III,20.15742159918,15.339905367430186,25.30541494854045,18
physnet,h264_200k,h264,200.0,yuv420p,False,IV-VI,22.184812145463418,17.047509191363428,27.265470418664652,18
physnet,h264_400k,h264,400.0,yuv420p,False,I-III,19.873304679034288,15.360120053614967,24.904681282452096,18
physnet,h264_400k,h264,400.0,yuv420p,False,IV-VI,22.24955238428568,16.73811883531628,27.688714097091275,18
physnet,h264_800k,h264,800.0,yuv420p,False,I-III,21.006657791248823,16.662934080935553,26.238599710404706,18
physnet,h264_800k,h264,800.0,yuv420p,False,IV-VI,21.79277396157418,16.256148724321125,26.720442842513567,18
physnet,lossless_rgb,ffv1,,bgr0,True,I-III,13.728036469618779,8.79034304303844,20.09837417495875,18
physnet,lossless_rgb,ffv1,,bgr0,True,IV-VI,21.91768659284712,17.046880489843417,27.231266417863147,18
pos,h264_100k,h264,100.0,yuv420p,False,I-III,19.99039031650888,15.210931576249092,25.12534547602117,18
pos,h264_100k,h264,100.0,yuv420p,False,IV-VI,24.437465956934506,19.030485502010958,30.14237522197017,18
pos,h264_1600k,h264,1600.0,yuv420p,False,I-III,12.999173055888832,7.017236962174437,19.941404328574425,18
pos,h264_1600k,h264,1600.0,yuv420p,False,IV-VI,17.758980760595094,11.755482790076526,24.528927106460735,18
pos,h264_200k,h264,200.0,yuv420p,False,I-III,17.799462250303783,13.172606888820685,23.06312842389671,18
pos,h264_200k,h264,200.0,yuv420p,False,IV-VI,22.172533743823507,16.149876329702852,28.864590032207634,18
pos,h264_400k,h264,400.0,yuv420p,False,I-III,15.983158093343597,10.97111904140248,21.563659806737384,18
pos,h264_400k,h264,400.0,yuv420p,False,IV-VI,19.323634050328735,13.499326447187192,25.038024843385173,18
pos,h264_444_100k,h264,100.0,yuv444p,False,I-III,23.78421755298559,18.732592232640084,29.021772870298634,18
pos,h264_444_100k,h264,100.0,yuv444p,False,IV-VI,24.362688446658677,18.85029345766094,29.97697768895094,18
pos,h264_444_1600k,h264,1600.0,yuv444p,False,I-III,21.81245969480996,16.705250905865338,27.851466425370926,18
pos,h264_444_1600k,h264,1600.0,yuv444p,False,IV-VI,25.105827143608554,19.225396826065687,30.900192501156717,18
pos,h264_444_200k,h264,200.0,yuv444p,False,I-III,22.645589569003427,17.28800912638565,27.877793084647983,18
pos,h264_444_200k,h264,200.0,yuv444p,False,IV-VI,26.799182242488275,21.11224361631515,31.63372736588136,18
pos,h264_444_400k,h264,400.0,yuv444p,False,I-III,21.741006345583475,15.939348376454783,27.96066187508161,18
pos,h264_444_400k,h264,400.0,yuv444p,False,IV-VI,26.756326660985575,20.82628747111427,32.44659353550247,18
pos,h264_444_800k,h264,800.0,yuv444p,False,I-III,21.825849434264555,16.141063605297592,27.652516591090343,18
pos,h264_444_800k,h264,800.0,yuv444p,False,IV-VI,25.689387136828813,19.834244869763896,31.805397447751876,18
pos,h264_800k,h264,800.0,yuv420p,False,I-III,12.03020921710057,6.707825308750522,18.451413151985317,18
pos,h264_800k,h264,800.0,yuv420p,False,IV-VI,19.773303033045778,13.445987696543785,25.979991067281848,18
pos,h265_100k,h265,100.0,yuv420p,False,I-III,14.826715768050555,9.541352139029414,20.914646337678537,18
pos,h265_100k,h265,100.0,yuv420p,False,IV-VI,20.884824985976856,14.597964923200355,26.583575723389174,18
pos,h265_1600k,h265,1600.0,yuv420p,False,I-III,14.131385451060877,7.364918797085761,21.880257792105088,18
pos,h265_1600k,h265,1600.0,yuv420p,False,IV-VI,20.062667513377814,13.843906223923728,27.060333634712258,18
pos,h265_200k,h265,200.0,yuv420p,False,I-III,13.612722586967214,8.257732638823905,20.380282185158308,18
pos,h265_200k,h265,200.0,yuv420p,False,IV-VI,18.873111419630224,13.724605752429413,24.748129471629966,18
pos,h265_400k,h265,400.0,yuv420p,False,I-III,13.604802998944082,7.344683294276091,20.33419492454981,18
pos,h265_400k,h265,400.0,yuv420p,False,IV-VI,19.94467784139464,13.90639952534756,26.127400869068957,18
pos,h265_800k,h265,800.0,yuv420p,False,I-III,15.702462310039047,9.072984858133871,23.808206454014588,18
pos,h265_800k,h265,800.0,yuv420p,False,IV-VI,19.0881261100566,12.595843295637081,26.153654084181536,18
pos,lossless_rgb,ffv1,,bgr0,True,I-III,7.870989706394411,2.8530807318350178,14.204258935188825,18
pos,lossless_rgb,ffv1,,bgr0,True,IV-VI,16.62803972775873,8.874714519869274,25.255239731608423,18
pos,lossless_yuv420,h264,,yuv420p,True,I-III,7.878404205052323,3.13661935175458,13.767557901109765,18
pos,lossless_yuv420,h264,,yuv420p,True,IV-VI,14.151679973086097,6.5625484236642455,22.293317535983856,18
pos,lossless_yuv444,h264,,yuv444p,True,I-III,7.084968939308571,2.572952358755818,12.571672508147927,18
pos,lossless_yuv444,h264,,yuv444p,True,IV-VI,15.236933269635696,8.304901609471326,22.986415575647154,18
pos,vp9_100k,vp9,100.0,yuv420p,False,I-III,18.695927156864446,13.377352692565234,24.26496928104311,18
pos,vp9_100k,vp9,100.0,yuv420p,False,IV-VI,25.02298790201559,20.66618289818276,29.626879128682635,18
pos,vp9_1600k,vp9,1600.0,yuv420p,False,I-III,6.7441399088715706,2.9466605185596704,11.798563058154834,18
pos,vp9_1600k,vp9,1600.0,yuv420p,False,IV-VI,14.76983671767068,7.772160185074663,22.879060443289482,18
pos,vp9_200k,vp9,200.0,yuv420p,False,I-III,17.352717977750487,11.991483601137293,23.25940678818186,18
pos,vp9_200k,vp9,200.0,yuv420p,False,IV-VI,24.32161445964206,17.96453700714586,30.554847953302417,18
pos,vp9_400k,vp9,400.0,yuv420p,False,I-III,12.325996508803316,6.49452404420786,19.180031454905595,18
pos,vp9_400k,vp9,400.0,yuv420p,False,IV-VI,21.11435882296129,14.940600039952438,27.62117183348366,18
pos,vp9_800k,vp9,800.0,yuv420p,False,I-III,9.145932031817093,3.925739242962145,15.096052414549487,18
pos,vp9_800k,vp9,800.0,yuv420p,False,IV-VI,14.544530286933698,8.640910645436907,21.301129064985364,18
pos_mask,h264_100k,h264,100.0,yuv420p,False,I-III,20.098975812934825,16.48566853155989,23.634554581457127,18
pos_mask,h264_100k,h264,100.0,yuv420p,False,IV-VI,21.363910186169342,17.953190513964866,24.958989579286804,18
pos_mask,h264_1600k,h264,1600.0,yuv420p,False,I-III,8.38285095498404,6.297076753918625,10.96405621497833,18
pos_mask,h264_1600k,h264,1600.0,yuv420p,False,IV-VI,12.303437675350914,9.025638970448506,16.08613627827527,18
pos_mask,h264_200k,h264,200.0,yuv420p,False,I-III,16.816268221954488,12.844969546955609,20.842668599468137,18
pos_mask,h264_200k,h264,200.0,yuv420p,False,IV-VI,21.395943551558727,17.73190376368014,25.35998650521504,18
pos_mask,h264_400k,h264,400.0,yuv420p,False,I-III,14.524493549264172,11.220183141484672,17.517007696003,18
pos_mask,h264_400k,h264,400.0,yuv420p,False,IV-VI,17.748667824935527,13.228113020756929,22.36595694599703,18
pos_mask,h264_444_100k,h264,100.0,yuv444p,False,I-III,20.771203929803285,17.26019929223677,24.40540194155237,18
pos_mask,h264_444_100k,h264,100.0,yuv444p,False,IV-VI,21.653884663964277,17.475453812972148,26.71797917071391,18
pos_mask,h264_444_1600k,h264,1600.0,yuv444p,False,I-III,20.73878969972365,15.987985140234855,25.821266700483335,18
pos_mask,h264_444_1600k,h264,1600.0,yuv444p,False,IV-VI,23.984399937091567,19.195183750091612,28.434771731345965,18
pos_mask,h264_444_200k,h264,200.0,yuv444p,False,I-III,20.307706427344,16.31719990345302,24.493441449047037,18
pos_mask,h264_444_200k,h264,200.0,yuv444p,False,IV-VI,25.6817118350109,20.74732271134156,31.281517180065958,18
pos_mask,h264_444_400k,h264,400.0,yuv444p,False,I-III,19.20661399742208,15.757686579264613,22.731299488785798,18
pos_mask,h264_444_400k,h264,400.0,yuv444p,False,IV-VI,24.278600623863348,19.526812374604233,28.703748514233492,18
pos_mask,h264_444_800k,h264,800.0,yuv444p,False,I-III,19.77751909060258,15.524279917357404,24.83559423911542,18
pos_mask,h264_444_800k,h264,800.0,yuv444p,False,IV-VI,25.568543249805472,20.888672063160772,30.15533453557412,18
pos_mask,h264_800k,h264,800.0,yuv420p,False,I-III,9.684229239773321,6.992359197292538,12.797636364993972,18
pos_mask,h264_800k,h264,800.0,yuv420p,False,IV-VI,17.607538945518098,13.300456485161162,22.357081652098696,18
pos_mask,h265_100k,h265,100.0,yuv420p,False,I-III,15.006277138986396,12.310987174602829,18.286992494458396,18
pos_mask,h265_100k,h265,100.0,yuv420p,False,IV-VI,19.368762499997374,15.02256842805217,23.313265104557807,18
pos_mask,h265_1600k,h265,1600.0,yuv420p,False,I-III,11.466693072234872,8.439289529493303,14.540037747505297,18
pos_mask,h265_1600k,h265,1600.0,yuv420p,False,IV-VI,19.337584672827816,14.436368713054444,24.560058530591082,18
pos_mask,h265_200k,h265,200.0,yuv420p,False,I-III,11.46316385733724,8.394305023587833,14.894639390537137,18
pos_mask,h265_200k,h265,200.0,yuv420p,False,IV-VI,17.850701741125214,12.854454815747095,22.862226787068455,18
pos_mask,h265_400k,h265,400.0,yuv420p,False,I-III,11.937718402361494,8.175492891097225,16.411131956701137,18
pos_mask,h265_400k,h265,400.0,yuv420p,False,IV-VI,18.676203490759026,14.57160995411946,23.559799505712377,18
pos_mask,h265_800k,h265,800.0,yuv420p,False,I-III,12.382189523928671,8.59463660460592,16.411782993458385,18
pos_mask,h265_800k,h265,800.0,yuv420p,False,IV-VI,15.36363052902038,11.039044977099822,20.25396371959327,18
pos_mask,lossless_rgb,ffv1,,bgr0,True,I-III,7.041084864748338,3.6588651871384807,10.847327194336128,18
pos_mask,lossless_rgb,ffv1,,bgr0,True,IV-VI,11.122736775149704,6.412272697055204,16.21994881316655,18
pos_mask,lossless_yuv420,h264,,yuv420p,True,I-III,6.239760505575033,3.2161067229771474,9.613846049641936,18
pos_mask,lossless_yuv420,h264,,yuv420p,True,IV-VI,10.62950735287974,5.924426859697212,16.11017465991231,18
pos_mask,lossless_yuv444,h264,,yuv444p,True,I-III,5.595438824419106,2.736303214866525,9.144356195629246,18
pos_mask,lossless_yuv444,h264,,yuv444p,True,IV-VI,10.486847365377637,6.8001151108835565,15.04176207658924,18
pos_mask,vp9_100k,vp9,100.0,yuv420p,False,I-III,19.538088845499995,14.699061014617566,23.67177271165897,18
pos_mask,vp9_100k,vp9,100.0,yuv420p,False,IV-VI,22.613303693823816,20.000294438471503,25.13862070574701,18
pos_mask,vp9_1600k,vp9,1600.0,yuv420p,False,I-III,5.435461449307365,3.029099777838508,8.01691906513488,18
pos_mask,vp9_1600k,vp9,1600.0,yuv420p,False,IV-VI,12.14281141455635,7.731954538966743,16.56306335336265,18
pos_mask,vp9_200k,vp9,200.0,yuv420p,False,I-III,17.277553430941452,14.380626632818856,19.92467571926614,18
pos_mask,vp9_200k,vp9,200.0,yuv420p,False,IV-VI,22.88869675737606,18.162051699446245,27.741212554049277,18
pos_mask,vp9_400k,vp9,400.0,yuv420p,False,I-III,10.213980372069393,7.195158544670708,13.304352932155481,18
pos_mask,vp9_400k,vp9,400.0,yuv420p,False,IV-VI,17.714676667209513,13.76355179331491,22.03372090379561,18
pos_mask,vp9_800k,vp9,800.0,yuv420p,False,I-III,7.363247427967721,4.661429464889058,10.571331871887772,18
pos_mask,vp9_800k,vp9,800.0,yuv420p,False,IV-VI,15.387964473868095,10.124455729447057,21.185309055113606,18
pos_wiener,h264_100k,h264,100.0,yuv420p,False,I-III,19.989432733201205,15.27346025014586,25.991512875766496,18
pos_wiener,h264_100k,h264,100.0,yuv420p,False,IV-VI,24.312252249581345,18.026391589631192,29.71414083907683,18
pos_wiener,h264_1600k,h264,1600.0,yuv420p,False,I-III,12.839673698435874,6.492540328666049,19.379610131024407,18
pos_wiener,h264_1600k,h264,1600.0,yuv420p,False,IV-VI,18.18384548771187,12.091497278938848,24.596573505073376,18
pos_wiener,h264_200k,h264,200.0,yuv420p,False,I-III,17.77300871457928,12.981273312019018,23.090856218778967,18
pos_wiener,h264_200k,h264,200.0,yuv420p,False,IV-VI,22.192933339690846,16.34601908203135,28.086163304305828,18
pos_wiener,h264_400k,h264,400.0,yuv420p,False,I-III,16.047551248734127,10.698249427479622,21.399076568804105,18
pos_wiener,h264_400k,h264,400.0,yuv420p,False,IV-VI,19.408335202296712,14.146832670357384,24.763864326348298,18
pos_wiener,h264_444_100k,h264,100.0,yuv444p,False,I-III,23.784217067826493,18.87987724796004,29.564089553082646,18
pos_wiener,h264_444_100k,h264,100.0,yuv444p,False,IV-VI,24.36253424530528,19.262004987571792,29.540640335905255,18
pos_wiener,h264_444_1600k,h264,1600.0,yuv444p,False,I-III,21.81242565409809,15.872776445569803,27.999497275775024,18
pos_wiener,h264_444_1600k,h264,1600.0,yuv444p,False,IV-VI,25.106031693019588,19.43672416956938,31.104338006237725,18
pos_wiener,h264_444_200k,h264,200.0,yuv444p,False,I-III,22.645574779041365,17.106295582436605,28.12867286406044,18
pos_wiener,h264_444_200k,h264,200.0,yuv444p,False,IV-VI,26.743477889786345,21.074610092802715,32.320153381442935,18
pos_wiener,h264_444_400k,h264,400.0,yuv444p,False,I-III,21.740989609475946,15.997599048680533,28.07177366689213,18
pos_wiener,h264_444_400k,h264,400.0,yuv444p,False,IV-VI,26.70500349708196,20.46516126708747,32.8011531388646,18
pos_wiener,h264_444_800k,h264,800.0,yuv444p,False,I-III,21.825885372810536,16.583481613919552,27.685465225369814,18
pos_wiener,h264_444_800k,h264,800.0,yuv444p,False,IV-VI,25.68993257282376,19.482363434630397,31.34903558093866,18
pos_wiener,h264_800k,h264,800.0,yuv420p,False,I-III,11.70588632365724,6.511824535122232,17.23024712828397,18
pos_wiener,h264_800k,h264,800.0,yuv420p,False,IV-VI,19.585227579295523,13.401197450919545,26.66130470910723,18
pos_wiener,h265_100k,h265,100.0,yuv420p,False,I-III,14.807772685267716,9.537216799643833,20.39749728674514,18
pos_wiener,h265_100k,h265,100.0,yuv420p,False,IV-VI,20.843173803048323,14.257592324507637,27.219720313885812,18
pos_wiener,h265_1600k,h265,1600.0,yuv420p,False,I-III,14.131735635658922,7.709952446061049,21.490124966216463,18
pos_wiener,h265_1600k,h265,1600.0,yuv420p,False,IV-VI,19.69273727189305,12.701092498289098,26.313097058776908,18
pos_wiener,h265_200k,h265,200.0,yuv420p,False,I-III,13.612582899520085,7.834172150509028,19.836800306274213,18
pos_wiener,h265_200k,h265,200.0,yuv420p,False,IV-VI,18.81591359897338,13.521961802573472,24.893273520192412,18
pos_wiener,h265_400k,h265,400.0,yuv420p,False,I-III,13.359149699066945,7.176033719965927,20.552084475526673,18
pos_wiener,h265_400k,h265,400.0,yuv420p,False,IV-VI,19.82230311100676,13.512584641027725,26.618242290060376,18
pos_wiener,h265_800k,h265,800.0,yuv420p,False,I-III,15.702317584670993,9.204045069683197,23.175456328023675,18
pos_wiener,h265_800k,h265,800.0,yuv420p,False,IV-VI,18.950793292243922,12.158377136800663,26.211588549464174,18
pos_wiener,lossless_rgb,ffv1,,bgr0,True,I-III,7.541860652936808,2.77784631995721,13.545560716827598,18
pos_wiener,lossless_rgb,ffv1,,bgr0,True,IV-VI,16.564442518915904,9.362431434332827,24.960405601239422,18
pos_wiener,lossless_yuv420,h264,,yuv420p,True,I-III,7.878431872265826,3.0183649490744204,14.04893153918367,18
pos_wiener,lossless_yuv420,h264,,yuv420p,True,IV-VI,13.854996332027708,6.360058541569878,22.148398717878013,18
pos_wiener,lossless_yuv444,h264,,yuv444p,True,I-III,7.378288481616355,2.9855016085068393,13.259662708171087,18
pos_wiener,lossless_yuv444,h264,,yuv444p,True,IV-VI,15.004519921062316,7.718363092268987,22.655576487289217,18
pos_wiener,vp9_100k,vp9,100.0,yuv420p,False,I-III,18.388550129038876,12.892191232135284,23.88210880958724,18
pos_wiener,vp9_100k,vp9,100.0,yuv420p,False,IV-VI,25.164704274418852,20.309045024026872,29.8722138154844,18
pos_wiener,vp9_1600k,vp9,1600.0,yuv420p,False,I-III,6.7440719432225125,2.926463915366,11.719301555291468,18
pos_wiener,vp9_1600k,vp9,1600.0,yuv420p,False,IV-VI,14.52929751952393,7.428612953876052,22.448866914907104,18
pos_wiener,vp9_200k,vp9,200.0,yuv420p,False,I-III,16.942778667398734,11.856835021181693,22.42262770842003,18
pos_wiener,vp9_200k,vp9,200.0,yuv420p,False,IV-VI,24.235800450170828,18.165565749702054,29.70416776388367,18
pos_wiener,vp9_400k,vp9,400.0,yuv420p,False,I-III,12.325373221821279,6.236070832910219,19.440488543776663,18
pos_wiener,vp9_400k,vp9,400.0,yuv420p,False,IV-VI,21.04364786154575,14.657450951394289,26.600178771410356,18
pos_wiener,vp9_800k,vp9,800.0,yuv420p,False,I-III,8.709020100026457,3.9222119199962817,14.305679028954144,18
pos_wiener,vp9_800k,vp9,800.0,yuv420p,False,IV-VI,14.463119594838894,8.280016526081276,21.19157321755443,18
trace,h264_100k,h264,100.0,yuv420p,False,I-III,17.043656011888626,13.569074108829154,21.191457999321297,18
trace,h264_100k,h264,100.0,yuv420p,False,IV-VI,21.958393094435504,17.740491435458623,25.897033399778042,18
trace,h264_1600k,h264,1600.0,yuv420p,False,I-III,7.448713974546954,4.694212297732225,10.794928514328515,18
trace,h264_1600k,h264,1600.0,yuv420p,False,IV-VI,15.097784993206611,11.167922857727705,19.37761372184716,18
trace,h264_200k,h264,200.0,yuv420p,False,I-III,17.35226584204939,13.611392382338334,21.03817431648883,18
trace,h264_200k,h264,200.0,yuv420p,False,IV-VI,21.87635057286043,17.886540032145977,25.92406574152289,18
trace,h264_400k,h264,400.0,yuv420p,False,I-III,12.772730136828914,9.944417452360414,15.76705389421302,18
trace,h264_400k,h264,400.0,yuv420p,False,IV-VI,17.824516602113885,14.00605456905786,21.97971612340356,18
trace,h264_444_100k,h264,100.0,yuv444p,False,I-III,18.60471592648038,15.11876636468449,22.702529409888925,18
trace,h264_444_100k,h264,100.0,yuv444p,False,IV-VI,19.957987063782312,15.54460561752411,24.313476562919888,18
trace,h264_444_1600k,h264,1600.0,yuv444p,False,I-III,18.026939102567088,14.092294936375376,22.355118481025134,18
trace,h264_444_1600k,h264,1600.0,yuv444p,False,IV-VI,21.053587563559613,15.734202468860426,26.270060985283784,18
trace,h264_444_200k,h264,200.0,yuv444p,False,I-III,18.700568091667236,14.56817005022766,23.61223576434005,18
trace,h264_444_200k,h264,200.0,yuv444p,False,IV-VI,22.295627548193416,16.688952968649065,28.215188505176908,18
trace,h264_444_400k,h264,400.0,yuv444p,False,I-III,17.45363458313027,13.636099631569005,21.502786177227723,18
trace,h264_444_400k,h264,400.0,yuv444p,False,IV-VI,22.666154765281654,17.455791021543597,27.72995823854152,18
trace,h264_444_800k,h264,800.0,yuv444p,False,I-III,17.48222773330877,13.73692489299023,21.935580457219064,18
trace,h264_444_800k,h264,800.0,yuv444p,False,IV-VI,22.381151507194403,17.100334859398135,27.702787714112695,18
trace,h264_800k,h264,800.0,yuv420p,False,I-III,9.725466390468272,6.815094770427443,12.673429304668927,18
trace,h264_800k,h264,800.0,yuv420p,False,IV-VI,16.242536245140283,12.629520857899273,20.23888241860123,18
trace,h265_100k,h265,100.0,yuv420p,False,I-III,14.248160073103877,10.863871936375682,17.49144514533719,18
trace,h265_100k,h265,100.0,yuv420p,False,IV-VI,18.98577421510437,14.948512316478565,23.69109248945708,18
trace,h265_1600k,h265,1600.0,yuv420p,False,I-III,10.098047475919854,6.738583671481571,14.503252533076466,18
trace,h265_1600k,h265,1600.0,yuv420p,False,IV-VI,18.854461364898754,12.325399475754145,26.788252716746058,18
trace,h265_200k,h265,200.0,yuv420p,False,I-III,10.811580056345084,7.546844128665595,14.559340718523776,18
trace,h265_200k,h265,200.0,yuv420p,False,IV-VI,16.482794471698156,12.151380493426243,21.14969674592283,18
trace,h265_400k,h265,400.0,yuv420p,False,I-III,11.396588744516611,7.677409000527626,15.584947900124124,18
trace,h265_400k,h265,400.0,yuv420p,False,IV-VI,17.76670821212298,12.351107319885383,23.29014532447829,18
trace,h265_800k,h265,800.0,yuv420p,False,I-III,10.756993634694958,7.7901490115672045,14.149597160726213,18
trace,h265_800k,h265,800.0,yuv420p,False,IV-VI,16.518872655682785,11.458358315111223,21.619773387220945,18
trace,lossless_rgb,ffv1,,bgr0,True,I-III,6.837325867243429,3.5282141950885455,10.571501895099992,18
trace,lossless_rgb,ffv1,,bgr0,True,IV-VI,11.135673498245794,7.864586469161064,14.341272221189536,18
trace,lossless_yuv420,h264,,yuv420p,True,I-III,7.183322055614959,3.856910084934697,10.570900228230887,18
trace,lossless_yuv420,h264,,yuv420p,True,IV-VI,11.397797337034772,7.496449278813209,15.813427734218358,18
trace,lossless_yuv444,h264,,yuv444p,True,I-III,6.121101586382101,2.95100757439456,9.895689119574445,18
trace,lossless_yuv444,h264,,yuv444p,True,IV-VI,11.65129887806885,7.731329740033606,15.728767323084448,18
trace,vp9_100k,vp9,100.0,yuv420p,False,I-III,19.69235565916209,15.324458746308284,23.812936868848187,18
trace,vp9_100k,vp9,100.0,yuv420p,False,IV-VI,21.12456153022854,17.68087136871221,24.24106532241801,18
trace,vp9_1600k,vp9,1600.0,yuv420p,False,I-III,6.750945207267584,3.715517379039695,10.287730703107785,18
trace,vp9_1600k,vp9,1600.0,yuv420p,False,IV-VI,11.760407310210361,7.206417354665478,17.12375515390871,18
trace,vp9_200k,vp9,200.0,yuv420p,False,I-III,15.823005157019082,12.810845902323088,18.859659351459587,18
trace,vp9_200k,vp9,200.0,yuv420p,False,IV-VI,20.06132026717002,15.993007588471137,24.495619474146142,18
trace,vp9_400k,vp9,400.0,yuv420p,False,I-III,9.775203013606253,6.875065417253056,12.510788614474382,18
trace,vp9_400k,vp9,400.0,yuv420p,False,IV-VI,15.803691549455683,11.733453931859863,19.807344506232713,18
trace,vp9_800k,vp9,800.0,yuv420p,False,I-III,8.08889318592339,4.952067868724721,11.08454909094561,18
trace,vp9_800k,vp9,800.0,yuv420p,False,IV-VI,16.184449654544,10.973611379010672,21.64410150345048,18
trace_v1,h264_100k,h264,100.0,yuv420p,False,I-III,22.25119433530314,17.204681387431258,27.353324669286497,18
trace_v1,h264_100k,h264,100.0,yuv420p,False,IV-VI,25.226819754165664,18.27514901853704,31.950545432847214,18
trace_v1,h264_1600k,h264,1600.0,yuv420p,False,I-III,17.54506437197475,11.56982450829982,23.598652174699275,18
trace_v1,h264_1600k,h264,1600.0,yuv420p,False,IV-VI,24.31395348975125,18.208459411366803,30.932090821276034,18
trace_v1,h264_200k,h264,200.0,yuv420p,False,I-III,22.215910773466984,17.884641741317566,26.79902818032744,18
trace_v1,h264_200k,h264,200.0,yuv420p,False,IV-VI,24.893055173565788,18.667300329866542,31.457958250426092,18
trace_v1,h264_400k,h264,400.0,yuv420p,False,I-III,20.65755566855328,14.960985181599934,26.141594354534625,18
trace_v1,h264_400k,h264,400.0,yuv420p,False,IV-VI,24.577470535733326,18.28938848871982,30.89948543608024,18
trace_v1,h264_444_100k,h264,100.0,yuv444p,False,I-III,23.152533426516,18.154236371919218,28.605237351728917,18
trace_v1,h264_444_100k,h264,100.0,yuv444p,False,IV-VI,25.45206207471797,19.240118484464666,31.247089477323623,18
trace_v1,h264_444_1600k,h264,1600.0,yuv444p,False,I-III,21.135455850730274,15.555503984214967,26.732816589144903,18
trace_v1,h264_444_1600k,h264,1600.0,yuv444p,False,IV-VI,25.061238619095736,18.80570983963103,31.26255833088344,18
trace_v1,h264_444_200k,h264,200.0,yuv444p,False,I-III,22.625439451105585,17.385252904806954,27.87082190400017,18
trace_v1,h264_444_200k,h264,200.0,yuv444p,False,IV-VI,25.6016191272406,19.528439635893786,31.60297588965198,18
trace_v1,h264_444_400k,h264,400.0,yuv444p,False,I-III,21.7408094670554,16.391443707555677,27.19182318613307,18
trace_v1,h264_444_400k,h264,400.0,yuv444p,False,IV-VI,25.4106030426354,19.74732347015489,31.77824561275687,18
trace_v1,h264_444_800k,h264,800.0,yuv444p,False,I-III,21.28911305856367,15.762469973433076,26.585093601761237,18
trace_v1,h264_444_800k,h264,800.0,yuv444p,False,IV-VI,24.914697631435512,18.60528129511283,31.2515584719304,18
trace_v1,h264_800k,h264,800.0,yuv420p,False,I-III,18.4273838099077,12.199707783147813,25.196249332908447,18
trace_v1,h264_800k,h264,800.0,yuv420p,False,IV-VI,24.902352049546053,18.819785361116917,30.77035668298204,18
trace_v1,h265_100k,h265,100.0,yuv420p,False,I-III,19.669308064328472,13.812466648711169,25.495860934442344,18
trace_v1,h265_100k,h265,100.0,yuv420p,False,IV-VI,24.41296975789255,18.706535166301826,30.643597718653254,18
trace_v1,h265_1600k,h265,1600.0,yuv420p,False,I-III,17.988753591349266,11.475824719025445,24.350726891584063,18
trace_v1,h265_1600k,h265,1600.0,yuv420p,False,IV-VI,24.384158174187533,18.356938808110662,30.644643411091668,18
trace_v1,h265_200k,h265,200.0,yuv420p,False,I-III,18.553127127074188,12.27069258837884,25.0914771014314,18
trace_v1,h265_200k,h265,200.0,yuv420p,False,IV-VI,24.613538326355357,18.917714800378317,30.933183941368817,18
trace_v1,h265_400k,h265,400.0,yuv420p,False,I-III,18.460867553146,11.91279473670499,25.022129167520845,18
trace_v1,h265_400k,h265,400.0,yuv420p,False,IV-VI,24.437516385972465,17.25497991237731,31.17955389049653,18
trace_v1,h265_800k,h265,800.0,yuv420p,False,I-III,18.489899772182323,11.349015883786826,24.622243353132877,18
trace_v1,h265_800k,h265,800.0,yuv420p,False,IV-VI,24.06650177422587,18.05869620170946,29.903142608796042,18
trace_v1,lossless_rgb,ffv1,,bgr0,True,I-III,13.482404920441164,7.12858778788743,20.502860033192693,18
trace_v1,lossless_rgb,ffv1,,bgr0,True,IV-VI,20.762963253064566,13.490359090155126,28.486404211491067,18
trace_v1,lossless_yuv420,h264,,yuv420p,True,I-III,13.393314964438623,6.903857577231126,20.732453296998862,18
trace_v1,lossless_yuv420,h264,,yuv420p,True,IV-VI,21.090724414241873,14.14769331366914,28.884478665726082,18
trace_v1,lossless_yuv444,h264,,yuv444p,True,I-III,13.43316687124009,6.787694522524525,20.499074351746252,18
trace_v1,lossless_yuv444,h264,,yuv444p,True,IV-VI,21.084013613648473,13.618845168797906,28.341182294683378,18
trace_v1,vp9_100k,vp9,100.0,yuv420p,False,I-III,21.038835893402055,15.701162823896066,26.1319031707848,18
trace_v1,vp9_100k,vp9,100.0,yuv420p,False,IV-VI,24.572439002721634,18.540748099473376,30.24655552156013,18
trace_v1,vp9_1600k,vp9,1600.0,yuv420p,False,I-III,15.258196243850064,9.441922674798764,21.941663748222883,18
trace_v1,vp9_1600k,vp9,1600.0,yuv420p,False,IV-VI,23.7401484706564,17.294488677287617,30.80135958054624,18
trace_v1,vp9_200k,vp9,200.0,yuv420p,False,I-III,20.427665120814265,15.374170454882186,25.7137976749111,18
trace_v1,vp9_200k,vp9,200.0,yuv420p,False,IV-VI,25.19248454186338,18.95361437957515,31.525736751274454,18
trace_v1,vp9_400k,vp9,400.0,yuv420p,False,I-III,18.594952503599234,12.45859317151883,25.34884839212572,18
trace_v1,vp9_400k,vp9,400.0,yuv420p,False,IV-VI,25.104818562297964,19.457542762981276,31.1750782299105,18
trace_v1,vp9_800k,vp9,800.0,yuv420p,False,I-III,15.062598268006143,8.921827504218435,21.963343213059378,18
trace_v1,vp9_800k,vp9,800.0,yuv420p,False,IV-VI,23.5216730983574,17.447540842024935,30.04322712221222,18
trace_v2,h264_100k,h264,100.0,yuv420p,False,I-III,17.043656011888626,13.306257633152928,21.233838867175525,18
trace_v2,h264_100k,h264,100.0,yuv420p,False,IV-VI,21.958393094435504,17.77552458555535,25.609826067070486,18
trace_v2,h264_1600k,h264,1600.0,yuv420p,False,I-III,7.448713974546954,4.560709992891324,10.807967041468585,18
trace_v2,h264_1600k,h264,1600.0,yuv420p,False,IV-VI,15.097784993206611,10.880387639284343,19.20792055493386,18
trace_v2,h264_200k,h264,200.0,yuv420p,False,I-III,17.35226584204939,13.688413721564805,21.209538293581712,18
trace_v2,h264_200k,h264,200.0,yuv420p,False,IV-VI,21.87635057286043,17.92533522236312,25.799444289903818,18
trace_v2,h264_400k,h264,400.0,yuv420p,False,I-III,12.772730136828914,9.807652753204534,15.590628538848263,18
trace_v2,h264_400k,h264,400.0,yuv420p,False,IV-VI,17.824516602113885,13.527709850851716,22.26471824877247,18
trace_v2,h264_444_100k,h264,100.0,yuv444p,False,I-III,18.60471592648038,15.25403113244516,22.83947401664026,18
trace_v2,h264_444_100k,h264,100.0,yuv444p,False,IV-VI,19.957987063782312,15.66294812276891,24.175158541546065,18
trace_v2,h264_444_1600k,h264,1600.0,yuv444p,False,I-III,18.026939102567088,13.80307643629919,22.728088307515364,18
trace_v2,h264_444_1600k,h264,1600.0,yuv444p,False,IV-VI,21.053587563559613,15.644902307944344,26.20115032152981,18
trace_v2,h264_444_200k,h264,200.0,yuv444p,False,I-III,18.700568091667236,14.562034255901562,23.23579677724287,18
trace_v2,h264_444_200k,h264,200.0,yuv444p,False,IV-VI,22.295627548193416,16.852299813004606,27.97349195848949,18
trace_v2,h264_444_400k,h264,400.0,yuv444p,False,I-III,17.45363458313027,13.698294765785716,21.730089095801482,18
trace_v2,h264_444_400k,h264,400.0,yuv444p,False,IV-VI,22.666154765281654,17.853205820255504,27.71876830633804,18
trace_v2,h264_444_800k,h264,800.0,yuv444p,False,I-III,17.48222773330877,13.751244899300435,21.71464948620542,18
trace_v2,h264_444_800k,h264,800.0,yuv444p,False,IV-VI,22.381151507194403,17.117255047410655,27.87648067280593,18
trace_v2,h264_800k,h264,800.0,yuv420p,False,I-III,9.725466390468272,6.699933011216262,12.896987554207666,18
trace_v2,h264_800k,h264,800.0,yuv420p,False,IV-VI,16.242536245140283,12.5108748846313,20.416644338852105,18
trace_v2,h265_100k,h265,100.0,yuv420p,False,I-III,14.248160073103877,11.20700056381359,17.795001524359584,18
trace_v2,h265_100k,h265,100.0,yuv420p,False,IV-VI,18.98577421510437,14.54696467764208,23.26065055806925,18
trace_v2,h265_1600k,h265,1600.0,yuv420p,False,I-III,10.098047475919854,6.492817762226971,14.807701250618466,18
trace_v2,h265_1600k,h265,1600.0,yuv420p,False,IV-VI,18.854461364898754,12.476533391316481,26.707924630213927,18
trace_v2,h265_200k,h265,200.0,yuv420p,False,I-III,10.811580056345084,7.650872513806433,14.782488509648497,18
trace_v2,h265_200k,h265,200.0,yuv420p,False,IV-VI,16.482794471698156,12.024782563775831,21.117454357709956,18
trace_v2,h265_400k,h265,400.0,yuv420p,False,I-III,11.396588744516611,7.552393234294104,15.476592673380045,18
trace_v2,h265_400k,h265,400.0,yuv420p,False,IV-VI,17.76670821212298,13.294715392141839,22.74273130733645,18
trace_v2,h265_800k,h265,800.0,yuv420p,False,I-III,10.756993634694958,7.716113911776287,13.978603292940013,18
trace_v2,h265_800k,h265,800.0,yuv420p,False,IV-VI,16.518872655682785,11.444060491106837,22.05798987981182,18
trace_v2,lossless_rgb,ffv1,,bgr0,True,I-III,6.837325867243429,3.5227642665588643,10.83792026013838,18
trace_v2,lossless_rgb,ffv1,,bgr0,True,IV-VI,11.135673498245794,8.13804435033441,14.73130470552811,18
trace_v2,lossless_yuv420,h264,,yuv420p,True,I-III,7.183322055614959,3.925898502678733,10.728020295659528,18
trace_v2,lossless_yuv420,h264,,yuv420p,True,IV-VI,11.397797337034772,7.168592057849135,15.495662104456988,18
trace_v2,lossless_yuv444,h264,,yuv444p,True,I-III,6.121101586382101,3.007608685890848,9.8587367030035,18
trace_v2,lossless_yuv444,h264,,yuv444p,True,IV-VI,11.65129887806885,7.759309295453323,15.65838731009633,18
trace_v2,vp9_100k,vp9,100.0,yuv420p,False,I-III,19.69235565916209,15.483989947440406,23.885275651132613,18
trace_v2,vp9_100k,vp9,100.0,yuv420p,False,IV-VI,21.12456153022854,17.598818748958763,24.294237333299943,18
trace_v2,vp9_1600k,vp9,1600.0,yuv420p,False,I-III,6.750945207267584,3.580916630239179,10.256774308793576,18
trace_v2,vp9_1600k,vp9,1600.0,yuv420p,False,IV-VI,11.760407310210361,7.342517839927855,16.7664844882262,18
trace_v2,vp9_200k,vp9,200.0,yuv420p,False,I-III,15.823005157019082,12.83914302749585,18.788287863989236,18
trace_v2,vp9_200k,vp9,200.0,yuv420p,False,IV-VI,20.06132026717002,15.981127569581577,24.5613713103024,18
trace_v2,vp9_400k,vp9,400.0,yuv420p,False,I-III,9.775203013606253,6.985589593088448,12.302820305790792,18
trace_v2,vp9_400k,vp9,400.0,yuv420p,False,IV-VI,15.803691549455683,12.21551327333827,19.666677289150684,18
trace_v2,vp9_800k,vp9,800.0,yuv420p,False,I-III,8.08889318592339,5.093438289363541,11.331228952098039,18
trace_v2,vp9_800k,vp9,800.0,yuv420p,False,IV-VI,16.184449654544,10.761539127841665,22.207299539974624,18
